"review","sentiment"
"This product is excellent!","Positive"
"I am very happy with this purchase","Positive"
"Totally worth the money","Positive"
"Worst product I have ever bought","Negative"
"Very disappointing and poor quality","Negative"
"I don't like it at all","Negative"
"Not bad, but could be better","Neutral"
"It's okay, neither good nor bad","Neutral"
"Fantastic quality, highly recommend!","Positive"
"Terrible, stopped working after one day","Negative"
"Love it! Exactly what I needed","Positive"
"It’s fine, does the job","Neutral"
"Not what I expected","Negative"
"Exceeded my expectations!","Positive"
"Waste of money","Negative"
"Very useful and good value","Positive"
"Meh. It’s just average.","Neutral"
"Awful service and experience","Negative"
"Highly satisfied with the quality","Positive"
"Would not buy again","Negative"
"Too small for the price","Negative"
"Great features for the price","Positive"
"Nothing special, just okay","Neutral"
"The packaging was damaged","Negative"
"Looks great and works perfectly","Positive"
"One of the best I've used","Positive"
"It broke after a week","Negative"
"Quite handy and durable","Positive"
"Expected better quality","Neutral"
"Absolutely love it!","Positive"
"Doesn't work as described","Negative"
"It's working fine","Neutral"
"Broke quickly, not recommended","Negative"
"Superb and sleek design","Positive"
"It’s a scam!","Negative"
"Really impressive performance","Positive"
"Okayish, could be cheaper","Neutral"
"Very fragile, cracked easily","Negative"
"Delivers what it promises","Positive"
"I hate this product","Negative"
"Just perfect for my needs","Positive"
"Too noisy, can’t use at night","Negative"
"Moderate quality","Neutral"
"Works like a charm","Positive"
"Flimsy and poorly made","Negative"
"Highly durable and efficient","Positive"
"Cheap materials used","Negative"
"Very pleased with the purchase","Positive"
"Unreliable and not durable","Negative"
"Good overall","Neutral"
"Outstanding performance","Positive"
"Extremely slow and laggy","Negative"
"Serves the purpose well","Neutral"
"Not the best, not the worst","Neutral"
"Super fast and smooth","Positive"
"Broken item received","Negative"
"Awesome build quality","Positive"
"Nothing impressive","Neutral"
"Avoid this at all costs","Negative"
"Totally satisfied","Positive"
"Not worth the price","Negative"
"Just okay, nothing to complain","Neutral"
"Loving it so far!","Positive"
"Never buying from here again","Negative"
"Met my expectations","Neutral"
"Terribly made and useless","Negative"
"Exactly what I wanted","Positive"
"Extremely disappointed","Negative"
"Solid performance and value","Positive"
"Not very responsive","Neutral"
"Great addition to my setup","Positive"
"Didn't meet expectations","Negative"
"Simply amazing!","Positive"
"Worn out when received","Negative"
"Looks and feels cheap","Negative"
"Smooth and efficient","Positive"
"The item is fine","Neutral"
"Very weak battery","Negative"
"Excellent support and quality","Positive"
"Cheaply built and fragile","Negative"
"Will recommend to friends","Positive"
"Service was horrible","Negative"
"Affordable and decent","Neutral"
"Perfect condition and performance","Positive"
"Wouldn't recommend","Negative"
"Best purchase ever!","Positive"
"Not as advertised","Negative"
"Functionality is average","Neutral"
"Looks premium, works well","Positive"
"Returned it immediately","Negative"
"Good price, average product","Neutral"
"My experience was great","Positive"
"Plastic parts broke easily","Negative"
"All good, happy with it","Positive"
"Fake product alert!","Negative"
"Okay for the price","Neutral"
"Impressive battery life","Positive"
"Unsatisfied, very cheap","Negative"
"Great for daily use","Positive"
"Buttons feel loose","Negative"
"Neat design and performance","Positive"
"Doesn't last long","Negative"
